Route,2019-Jan,2019-Feb,2019-Mar,2019-Apr,2019-May,2019-Jun,2019-Jul,2019-Aug,2019-Sep,2019-Oct,2019-Nov,2019-Dec,2020-Jan,2020-Feb,2020-Mar,2020-Apr,2020-May,2020-Jun,2020-Jul,2020-Aug,2020-Sep,2020-Oct,2020-Nov,2020-Dec,2021-Jan,2021-Feb,2021-Mar,2021-Apr,2021-May,2021-Jun,2021-Jul,2021-Aug,2021-Sep,2021-Oct,2021-Nov,2021-Dec,2022-Jan,2022-Feb,2022-Mar,2022-Apr,2022-May,2022-Jun,2022-Jul,2022-Aug,2022-Sep,2022-Oct,2022-Nov,2022-Dec,2023-Jan,2023-Feb,2023-Mar,2023-Apr,2023-May,2023-Jun,2023-Jul,2023-Aug,2023-Sep,2023-Oct,2023-Nov,2023-Dec,2024-Jan,2024-Feb,2024-Mar,2024-Apr,2024-May,2024-Jun,2024-Jul,2024-Aug,2024-Sep,2024-Oct,2024-Nov,2024-Dec,2025-Jan,2025-Feb,2025-Mar,2025-Apr,2025-May,2025-Jun,2025-Jul,2025-Aug,2025-Sep,2025-Oct,2025-Nov,2025-Dec
1 - FREEPORT ROAD,796.8000,915.7500,885.6000,881.5000,997.6000,1040.4000,1067.4000,1048.5000,1000.1667,1017.7500,883.2000,897.0000,875.4000,969.7500,770.6000,499.0000,659.0000,736.7500,598.8000,617.6000,630.0000,574.7500,540.1667,483.2000,532.0000,542.2500,635.2500,706.7500,765.6667,787.7500,775.0000,773.6000,848.2000,810.0000,614.6000,637.0000,629.8333,731.2500,776.7500,730.2500,787.5000,895.5000,898.1667,868.5000,955.4000,967.0000,809.2000,731.5000,796.8000,864.7500,850.0000,885.4000,956.2000,945.7500,948.8333,968.5000,947.6000,923.0000,708.6000,652.3333,637.2000,756.5000,746.8000,866.7500,911.6000,897.6000,917.0000,886.0000,918.0000,883.7500,788.2000,705.1667,721.0000,765.5000,793.8000,796.5000,897.6000,934.2000,931.0000,996.8000,962.4000,981.5000,849.1667,
11 - FINEVIEW,148.0000,141.5000,135.8000,128.7500,161.4000,183.6000,151.4000,136.2500,122.8333,143.5000,138.4000,128.5000,115.4000,128.0000,95.2000,98.7500,137.1667,79.2500,98.2000,72.6000,82.2000,88.2500,58.3333,67.6000,59.3333,76.2500,78.0000,97.0000,100.8333,92.0000,112.6000,108.0000,131.8000,111.2000,44.4000,66.8000,70.1667,94.2500,113.5000,89.0000,100.5000,158.5000,180.0000,126.5000,176.8000,167.8000,107.6000,114.2500,136.6000,156.2500,119.5000,110.2000,136.4000,108.0000,123.8333,146.2500,177.0000,146.0000,136.0000,92.6667,88.0000,94.2500,97.0000,110.2500,110.6000,131.0000,120.8000,171.5000,127.1667,110.0000,124.2000,97.8333,89.0000,95.7500,102.2000,87.0000,123.6000,99.8000,103.2000,126.2000,128.2000,115.2500,83.8333,
12 - MCKNIGHT,788.6000,883.7500,831.2000,795.2500,884.8000,799.2000,870.6000,994.5000,1007.8333,1003.0000,872.8000,832.6667,909.4000,837.0000,632.2000,301.5000,461.3333,579.2500,494.6000,539.6000,493.4000,493.5000,441.1667,420.4000,420.6667,476.7500,503.5000,500.7500,565.6667,557.5000,574.0000,627.4000,726.6000,634.4000,559.0000,644.6000,561.0000,685.0000,744.7500,662.5000,754.3333,703.2500,676.3333,656.0000,760.2000,763.0000,623.2000,553.0000,583.2000,606.5000,639.0000,568.4000,655.2000,655.5000,626.5000,725.0000,760.0000,704.6000,556.2000,494.5000,514.4000,581.7500,493.4000,628.0000,638.0000,657.8000,713.0000,637.5000,724.8333,725.7500,565.2000,561.5000,554.4000,600.0000,607.4000,576.2500,655.6000,614.4000,658.8000,756.0000,756.8000,738.2500,609.6667,
13 - BELLEVUE,674.8000,698.5000,687.0000,704.0000,761.2000,762.2000,739.8000,804.0000,826.8333,761.0000,705.6000,688.5000,686.2000,693.0000,629.0000,438.5000,592.3333,574.7500,428.6000,414.4000,466.8000,395.2500,377.0000,347.2000,373.3333,377.2500,384.2500,415.0000,428.5000,513.2500,450.8000,502.2000,484.2000,495.0000,409.8000,438.4000,396.3333,472.7500,501.5000,500.7500,558.0000,599.0000,585.6667,558.0000,539.2000,507.6000,485.2000,428.2500,482.8000,553.5000,539.7500,528.0000,554.8000,647.7500,643.3333,642.0000,626.0000,620.4000,532.4000,409.3333,402.8000,508.7500,474.4000,577.0000,585.8000,588.2000,643.8000,557.7500,586.0000,550.7500,493.4000,473.6667,451.4000,435.2500,481.0000,525.0000,558.0000,576.0000,622.8000,650.6000,678.8000,604.7500,530.5000,
14 - OHIO VALLEY,369.6000,390.2500,398.0000,425.7500,451.4000,434.8000,438.6000,456.2500,460.0000,418.7500,381.4000,349.0000,371.6000,343.0000,296.6000,175.5000,237.3333,233.0000,187.4000,205.8000,206.4000,192.0000,178.8333,128.6000,172.0000,198.5000,197.0000,204.0000,224.6667,221.7500,225.6000,190.8000,281.6000,222.2000,172.8000,168.0000,150.1667,166.7500,184.7500,189.5000,227.5000,242.0000,253.5000,279.5000,290.0000,259.0000,228.8000,199.7500,201.4000,196.0000,198.0000,217.2000,270.6000,263.0000,263.5000,298.2500,322.4000,258.6000,234.4000,185.1667,159.8000,201.2500,173.2000,210.0000,244.2000,235.4000,257.4000,233.7500,266.1667,241.5000,192.6000,208.1667,195.4000,201.7500,212.8000,214.5000,237.2000,234.6000,243.0000,271.6000,284.6000,263.2500,240.3333,
15 - CHARLES,444.6000,460.5000,427.0000,489.0000,512.0000,529.2000,434.4000,493.5000,523.5000,513.7500,426.0000,343.1667,442.6000,483.7500,334.4000,347.7500,441.3333,336.7500,273.6000,274.0000,243.6000,229.7500,222.5000,193.2000,194.1667,230.5000,255.5000,248.0000,263.6667,283.0000,256.0000,255.4000,293.6000,283.8000,258.6000,257.0000,230.3333,292.2500,309.2500,297.2500,336.3333,394.5000,314.3333,307.7500,411.8000,440.0000,355.2000,320.2500,360.4000,454.0000,461.7500,455.2000,463.0000,518.5000,471.8333,509.2500,483.8000,415.2000,324.6000,288.5000,265.8000,251.0000,259.8000,335.2500,354.4000,414.2000,363.0000,369.7500,396.8333,407.5000,296.4000,280.6667,267.8000,352.5000,369.6000,366.5000,378.8000,364.8000,364.8000,371.4000,390.4000,408.7500,318.0000,
16 - BRIGHTON,1312.0000,1433.7500,1265.4000,1458.7500,1510.6000,1420.2000,1604.4000,1581.2500,1600.3333,1495.7500,1807.0000,1377.8333,1295.4000,1343.5000,1092.6000,869.2500,1118.0000,1093.7500,873.0000,875.2000,855.6000,827.7500,719.8333,648.0000,611.1667,664.0000,775.7500,847.2500,863.0000,973.2500,969.2000,993.4000,997.0000,918.8000,760.8000,805.6000,760.5000,887.5000,993.5000,1001.2500,1063.0000,1207.0000,1119.3333,1068.7500,1088.8000,1072.2000,974.8000,885.2500,931.0000,1092.5000,1087.7500,1062.8000,1193.8000,1225.2500,1227.3333,1248.2500,1286.6000,1178.6000,970.2000,853.1667,794.2000,1003.0000,962.8000,1230.5000,1119.2000,1190.4000,1255.8000,1193.2500,1178.6667,1160.5000,977.2000,895.8333,894.4000,922.7500,965.8000,1012.5000,1136.4000,1204.6000,1215.0000,1250.8000,1246.6000,1197.5000,972.0000,
17 - SHADELAND,548.6000,582.2500,506.6000,531.0000,607.8000,497.6000,626.4000,591.7500,618.3333,578.0000,548.4000,567.0000,546.8000,585.2500,424.2000,360.7500,464.0000,390.2500,337.2000,305.8000,306.8000,285.5000,256.0000,232.2000,246.3333,238.2500,253.7500,298.0000,296.1667,377.7500,363.0000,347.0000,374.2000,337.2000,283.0000,315.6000,275.5000,310.2500,351.2500,368.2500,419.6667,460.0000,427.5000,415.5000,427.8000,371.0000,344.0000,313.2500,351.4000,419.7500,423.2500,386.6000,450.0000,461.7500,454.0000,458.5000,495.0000,413.8000,304.8000,352.3333,273.2000,325.0000,395.8000,454.5000,455.0000,441.2000,449.8000,412.7500,439.5000,425.7500,368.6000,350.1667,343.6000,373.7500,360.6000,401.0000,443.0000,467.2000,422.2000,484.6000,469.6000,430.7500,385.1667,
18 - MANCHESTER,,,,,,,,,,,,,,,,,,,,,,,,,,,,,,,,,,,,,,,,,,,,,,,,,,,,,,,,,,,,,,,,,,,,,,,,,,,,,,,,,,,,
19L - EMSWORTH LIMITED,,,,,,,,,,,,,,,,,,,,,,,,,,,,,,,,,,,,,,,,,,,,,,,,,,,,,,,,,,,,,,,,,,,,,,,,,,,,,,,,,,,,
2 - MOUNT ROYAL,,,,,,,,,,,,,,,18.6000,31.0000,42.0000,63.2500,26.0000,34.8000,37.0000,27.2500,36.6667,61.2000,51.6667,55.5000,62.0000,62.2500,76.1667,70.7500,84.4000,124.6000,86.4000,82.6000,75.2000,86.6000,68.0000,95.2500,94.0000,99.0000,148.3333,158.5000,123.1667,121.7500,128.2000,102.6000,96.2000,98.5000,103.4000,100.5000,116.2500,111.4000,113.6000,117.5000,118.0000,129.7500,142.6000,121.2000,97.2000,84.5000,78.8000,97.7500,107.8000,154.0000,121.2000,132.8000,142.0000,155.0000,143.5000,147.7500,110.4000,110.0000,108.2000,112.0000,100.0000,126.0000,140.8000,123.4000,129.8000,123.0000,156.4000,145.0000,117.1667,
20 - KENNEDY,,,,,,,,,,,,,,,,,,,,,,,25.8333,34.4000,41.0000,37.7500,42.5000,46.5000,65.5000,67.7500,55.2000,68.0000,66.4000,65.0000,66.4000,77.4000,60.8333,70.7500,67.0000,74.5000,74.0000,77.5000,100.0000,96.5000,90.2000,88.2000,85.0000,66.7500,84.8000,106.0000,87.5000,96.2000,95.0000,100.2500,108.5000,131.7500,120.8000,98.4000,92.4000,97.0000,76.4000,,88.0000,119.7500,117.2000,133.2000,112.2000,129.0000,113.6667,123.2500,103.6000,82.5000,70.8000,90.2500,105.4000,105.2500,113.8000,115.4000,116.6000,122.0000,157.2000,117.0000,110.3333,
21 - CORAOPOLIS,488.4000,482.0000,510.4000,498.7500,555.8000,611.4000,668.8000,639.5000,653.6667,640.0000,559.8000,543.6667,543.8000,609.5000,472.8000,367.2500,496.0000,469.2500,319.8000,323.8000,333.4000,305.0000,276.1667,218.2000,233.1667,253.7500,274.7500,284.5000,295.1667,324.5000,320.4000,313.4000,380.0000,367.2000,294.2000,300.4000,274.0000,293.5000,325.5000,318.7500,345.5000,399.0000,393.6667,370.5000,391.4000,412.8000,392.0000,361.2500,351.4000,373.0000,372.5000,410.8000,465.6000,484.0000,492.1667,531.2500,470.2000,455.2000,389.4000,332.6667,281.8000,348.5000,380.4000,440.0000,483.2000,476.6000,450.4000,490.5000,513.0000,532.5000,435.2000,387.8333,324.6000,359.7500,389.2000,464.2500,466.6000,476.4000,504.8000,594.0000,517.6000,496.2500,454.0000,
22 - MCCOY,,,,,,,,,,,,,,,,,,,,,,,32.8333,55.2000,59.6667,68.5000,87.7500,77.5000,96.0000,94.7500,94.8000,87.4000,105.0000,108.8000,86.6000,90.0000,83.6667,109.7500,98.0000,98.7500,99.6667,111.5000,116.5000,127.2500,123.8000,119.2000,122.2000,80.7500,108.4000,141.2500,120.0000,126.6000,176.6000,149.5000,173.6667,166.2500,160.4000,172.2000,115.6000,130.0000,106.0000,154.2500,153.0000,173.2500,163.6000,138.2000,164.2000,147.0000,151.5000,177.2500,167.6000,145.8333,157.2000,131.0000,162.2000,166.5000,198.8000,174.6000,190.8000,207.8000,224.8000,196.0000,180.6667,
24 - WEST PARK,828.4000,913.0000,867.0000,923.2500,965.6000,1031.8000,989.4000,1109.2500,1059.1667,1019.5000,904.8000,913.3333,922.0000,906.5000,724.2000,508.2500,726.5000,751.7500,518.8000,522.0000,529.6000,509.0000,425.5000,372.8000,360.6667,362.7500,353.2500,426.0000,490.1667,497.7500,482.4000,495.2000,544.8000,478.2000,429.6000,442.4000,391.8333,456.5000,485.7500,452.0000,474.1667,539.5000,544.0000,555.0000,541.8000,558.2000,468.2000,422.0000,498.0000,561.2500,555.7500,536.2000,629.4000,616.2500,617.6667,683.2500,617.4000,608.2000,509.6000,470.5000,413.0000,501.7500,529.6000,646.7500,645.4000,610.0000,632.6000,648.2500,642.8333,656.5000,579.0000,503.3333,491.8000,529.2500,548.2000,590.0000,593.0000,607.0000,641.4000,715.4000,697.2000,613.0000,554.6667,
26 - CHARTIERS,255.0000,298.2500,299.6000,306.7500,342.2000,330.4000,354.6000,381.2500,377.8333,359.0000,277.2000,287.6667,321.4000,299.2500,283.4000,221.5000,277.3333,257.0000,219.2000,227.6000,227.6000,222.0000,187.5000,165.4000,165.0000,151.0000,200.7500,191.0000,219.3333,229.7500,223.8000,210.6000,226.8000,210.8000,174.6000,182.8000,163.5000,204.2500,215.2500,193.7500,237.5000,218.7500,229.0000,239.5000,236.6000,234.8000,213.0000,199.5000,221.6000,220.7500,224.0000,255.2000,289.8000,249.0000,265.0000,264.7500,283.0000,263.6000,218.6000,220.6667,194.8000,208.0000,228.4000,249.0000,270.2000,294.6000,306.6000,300.7500,284.3333,318.7500,280.4000,243.0000,255.0000,266.2500,256.8000,254.2500,287.2000,273.0000,321.2000,332.4000,321.2000,295.5000,304.5000,
27 - FAIRYWOOD,374.6000,438.2500,347.0000,434.7500,497.8000,541.0000,506.2000,522.2500,533.8333,485.5000,380.4000,380.1667,446.4000,411.5000,376.2000,252.2500,312.0000,357.7500,297.0000,308.2000,314.0000,271.2500,230.8333,194.4000,208.5000,218.7500,256.0000,262.0000,268.0000,294.2500,247.0000,273.6000,288.0000,267.6000,207.6000,251.6000,216.1667,243.2500,247.5000,232.0000,273.5000,335.5000,332.1667,349.0000,350.8000,349.0000,283.4000,249.0000,297.8000,307.5000,309.7500,313.8000,435.0000,385.7500,382.1667,378.7500,359.0000,373.6000,271.8000,266.0000,243.0000,253.7500,266.4000,338.5000,347.8000,382.4000,376.0000,393.0000,421.8333,396.0000,341.6000,293.3333,292.6000,304.0000,307.6000,322.5000,349.4000,360.0000,411.2000,458.8000,434.0000,421.5000,346.6667,
28X - AIRPORT FLYER,1414.4000,1258.0000,1454.6000,1362.5000,1572.4000,1445.4000,1557.2000,1749.5000,1638.6667,1686.5000,1513.4000,1761.1667,1516.2000,1377.0000,941.8000,395.7500,562.3333,637.0000,580.8000,626.4000,646.8000,615.5000,547.0000,435.0000,500.3333,539.0000,591.2500,644.0000,705.8333,755.7500,950.0000,950.0000,909.4000,1044.4000,1128.8000,932.6000,844.0000,766.2500,1183.5000,953.2500,1043.0000,965.0000,970.8333,1188.2500,979.8000,1276.0000,1173.6000,954.5000,1131.0000,984.7500,1412.2500,1020.8000,1192.2000,1115.7500,1175.3333,1400.2500,1262.8000,1410.8000,1345.6000,938.5000,1046.8000,946.7500,1074.6000,997.0000,1121.8000,1079.4000,1197.0000,1360.0000,1322.1667,1320.0000,1179.8000,1133.0000,1094.0000,856.5000,1194.2000,1142.7500,1097.8000,1016.6000,1137.8000,1352.4000,1442.0000,1672.2500,1075.0000,
29 - ROBINSON,,,,,,,,,,,,,,,,,,,,,,,44.0000,82.6000,104.5000,119.5000,159.2500,168.5000,172.8333,157.7500,183.6000,199.8000,275.6000,199.0000,170.2000,208.2000,172.5000,208.2500,225.2500,189.0000,210.8333,210.0000,195.0000,197.5000,204.8000,217.0000,193.6000,159.0000,173.6000,205.5000,221.5000,222.0000,240.6000,248.2500,242.5000,273.7500,257.8000,272.4000,206.4000,192.6667,169.2000,200.5000,205.0000,213.7500,242.2000,246.6000,251.0000,225.0000,253.8333,239.5000,226.6000,179.5000,196.4000,218.0000,226.4000,237.5000,242.8000,246.2000,246.4000,278.6000,294.2000,312.7500,258.6667,
31 - BRIDGEVILLE,525.8000,564.0000,505.8000,647.5000,675.4000,745.8000,745.6000,750.5000,649.3333,667.7500,492.4000,491.5000,512.6000,544.0000,381.6000,236.0000,385.8333,414.0000,333.8000,339.8000,344.8000,314.0000,288.8333,245.4000,258.0000,264.0000,332.7500,264.7500,338.0000,369.2500,372.6000,432.4000,431.0000,382.0000,353.0000,341.4000,300.1667,359.2500,389.7500,394.0000,421.1667,415.7500,446.3333,517.2500,476.0000,516.8000,422.4000,388.2500,446.0000,478.7500,505.5000,432.8000,519.2000,546.7500,553.1667,614.7500,589.0000,585.6000,366.8000,351.1667,363.2000,412.2500,417.8000,487.2500,454.2000,519.0000,520.4000,545.2500,506.1667,486.7500,403.0000,363.8333,367.2000,377.0000,407.6000,434.0000,447.2000,505.4000,498.4000,564.2000,510.6000,497.7500,446.6667,
36 - BANKSVILLE,,,,,,,,,,,,,,,,,,,,,,,18.0000,44.0000,39.8333,50.5000,57.0000,44.7500,47.3333,66.7500,50.4000,58.8000,62.8000,62.6000,45.0000,50.4000,38.3333,56.2500,66.2500,63.0000,63.0000,61.2500,56.8333,44.0000,61.4000,79.8000,54.4000,58.0000,55.8000,76.0000,69.2500,56.4000,80.6000,87.0000,69.0000,65.2500,76.6000,86.2000,65.8000,42.3333,40.4000,35.5000,51.4000,64.0000,63.6000,79.6000,99.4000,85.0000,79.5000,104.5000,75.0000,56.8333,56.0000,74.7500,58.4000,68.2500,83.8000,78.6000,93.6000,81.4000,83.6000,74.0000,63.0000,
37 - CASTLE SHANNON,,,,,,,,,,,,,,,,,,,,,,,,,,,,,,,,,,,,,,,,,,,,,,,,,,,,,,,,,,,,,162.0000,349.0000,324.0000,,,,,,,,,,,,,,,,,,,,,
38 - GREEN TREE,273.2000,201.2500,158.0000,180.0000,194.0000,180.2000,235.4000,175.7500,218.8333,182.0000,140.0000,138.1667,162.4000,142.7500,105.8000,53.0000,81.8333,89.0000,95.0000,101.8000,89.6000,77.0000,68.6667,57.2000,58.6667,83.0000,71.5000,83.2500,87.6667,102.7500,77.0000,81.6000,96.0000,92.4000,89.8000,84.6000,74.6667,81.5000,88.2500,85.5000,98.1667,96.7500,103.1667,122.2500,144.2000,150.8000,135.0000,126.7500,120.0000,139.7500,146.0000,137.4000,155.4000,147.5000,150.3333,164.2500,133.4000,167.8000,118.8000,106.6667,90.6000,110.7500,138.4000,141.5000,144.6000,179.4000,166.6000,198.7500,179.6667,186.0000,137.8000,125.5000,126.0000,125.7500,132.6000,138.5000,162.0000,163.0000,166.2000,193.0000,210.6000,189.5000,157.6667,
39 - BROOKLINE,,,,,,,,,,,,,,,,,,,,,,,22.5000,30.2000,34.0000,44.0000,65.2500,80.0000,66.6667,95.5000,77.2000,85.0000,63.2000,65.0000,64.4000,65.0000,64.5000,79.2500,74.2500,66.2500,65.1667,73.0000,53.5000,76.5000,91.8000,72.6000,69.8000,46.7500,55.8000,80.7500,103.0000,82.8000,90.8000,109.0000,95.1667,114.5000,102.2000,76.4000,72.2000,61.1667,51.8000,83.5000,82.6000,91.0000,99.0000,108.4000,109.8000,110.2500,99.5000,105.0000,95.6000,102.3333,88.6000,91.0000,128.0000,146.0000,150.2000,160.2000,171.4000,193.2000,167.6000,130.2500,85.1667,
4 - TROY HILL,,,,,,,,,,,,,,,,,,,,,,,,,,,,,,36.0000,44.6000,51.8000,52.2000,57.4000,33.4000,45.2000,43.3333,54.0000,52.5000,42.5000,51.0000,66.2500,71.8333,56.7500,70.4000,55.2000,63.8000,63.7500,53.4000,72.7500,80.7500,70.2000,73.0000,82.5000,76.8333,80.0000,90.2000,89.6000,50.4000,61.0000,49.6000,66.0000,50.0000,48.7500,57.6000,68.2000,79.4000,79.0000,80.1667,88.7500,75.0000,65.5000,77.6000,72.2500,78.8000,90.2500,93.8000,101.4000,94.4000,118.0000,111.8000,110.2500,85.1667,
40 - MOUNT WASHINGTON,120.0000,139.0000,155.4000,148.5000,160.8000,163.8000,166.0000,164.5000,156.0000,158.5000,146.4000,126.1667,136.4000,119.7500,105.4000,64.0000,101.3333,93.0000,57.8000,71.8000,81.0000,65.2500,53.5000,44.0000,49.6667,57.2500,72.0000,49.0000,66.6667,85.2500,92.2000,93.4000,92.6000,102.2000,63.0000,76.8000,71.3333,83.7500,95.7500,80.2500,88.8333,104.7500,107.6667,128.5000,129.0000,135.6000,104.0000,96.0000,103.6000,126.2500,118.5000,129.8000,124.6000,128.7500,136.6667,158.7500,136.4000,112.6000,101.4000,87.0000,83.4000,146.7500,111.0000,143.7500,122.2000,119.0000,155.2000,133.0000,133.8333,130.5000,103.6000,94.0000,93.8000,85.5000,87.6000,97.5000,109.0000,97.8000,114.8000,114.8000,121.2000,111.5000,106.6667,
41 - BOWER HILL,360.8000,313.0000,241.4000,348.7500,377.4000,275.8000,351.8000,352.7500,332.6667,353.5000,239.8000,256.6667,289.2000,278.2500,206.0000,163.0000,185.5000,170.7500,150.8000,142.2000,150.8000,132.7500,139.5000,110.4000,117.5000,108.0000,116.5000,123.5000,141.6667,149.7500,174.8000,155.8000,159.2000,161.8000,131.6000,143.0000,112.0000,183.0000,181.5000,184.5000,191.6667,183.7500,193.8333,183.2500,180.6000,189.0000,174.2000,154.0000,167.2000,192.2500,195.5000,175.6000,195.4000,196.5000,216.5000,216.7500,213.0000,224.0000,167.4000,,154.2000,134.0000,156.4000,191.2500,216.2000,239.0000,262.6000,271.5000,263.0000,229.5000,224.2000,194.8333,207.0000,200.5000,200.4000,174.0000,,211.4000,255.4000,238.6000,241.6000,208.5000,205.3333,
42 - POTOMAC,,,,,,,,,,,,,,,,,,,,,,,,,,,,,,,,,,,,,,,,,,,,,,,,,,,,,,,,,,,,,371.4000,679.0000,711.0000,,,,,,,,,,,,,,,,,,,,,
43 - BAILEY,220.4000,228.0000,190.4000,247.7500,248.2000,209.2000,249.6000,317.0000,274.0000,274.0000,190.6000,217.5000,211.4000,226.5000,158.0000,125.2500,150.3333,150.2500,106.0000,110.4000,103.0000,97.7500,81.0000,68.4000,77.0000,87.7500,72.0000,119.2500,106.6667,132.7500,131.0000,112.8000,137.6000,122.2000,101.4000,97.2000,100.3333,114.2500,113.5000,119.7500,123.3333,146.5000,137.8333,157.0000,158.6000,150.8000,147.8000,110.0000,122.8000,168.7500,159.0000,151.2000,166.0000,189.0000,178.0000,193.2500,173.2000,198.6000,109.0000,112.1667,105.6000,136.5000,140.0000,191.0000,180.0000,181.2000,176.8000,175.7500,166.5000,179.2500,145.8000,148.0000,164.0000,160.2500,139.2000,133.5000,155.2000,150.4000,172.8000,158.4000,145.8000,152.0000,140.3333,
44 - VIA KNOXVILLE,208.0000,227.0000,179.6000,244.0000,237.2000,250.0000,235.0000,258.5000,240.1667,235.0000,219.6000,211.0000,187.0000,209.0000,138.6000,147.2500,174.6667,160.7500,118.8000,111.4000,110.2000,107.7500,100.0000,95.6000,95.1667,98.5000,110.5000,101.5000,113.0000,129.0000,158.8000,126.2000,140.8000,142.2000,92.0000,110.8000,100.8333,124.7500,131.7500,130.0000,162.8333,170.2500,173.3333,162.7500,173.0000,170.0000,143.4000,135.5000,148.4000,178.2500,156.2500,172.6000,210.8000,188.0000,203.5000,175.2500,179.4000,182.8000,134.0000,120.3333,129.2000,157.5000,129.8000,178.5000,176.0000,193.6000,216.8000,182.5000,189.1667,187.2500,160.2000,160.3333,141.8000,163.7500,154.0000,155.2500,169.6000,171.8000,192.0000,168.8000,162.8000,174.2500,135.3333,
48 - ARLINGTON,1032.8000,1109.0000,964.8000,1034.5000,1178.6000,1032.4000,1178.6000,1218.0000,1215.3333,1176.7500,903.0000,947.6667,907.8000,772.0000,616.0000,496.2500,674.6667,762.5000,494.8000,518.2000,496.8000,500.2500,413.1667,354.2000,398.3333,449.7500,523.5000,544.5000,545.8333,606.2500,571.6000,616.8000,677.4000,644.0000,496.4000,505.4000,496.5000,595.0000,629.7500,597.2500,566.8333,705.5000,720.5000,704.7500,695.4000,708.8000,567.2000,544.7500,581.2000,709.5000,684.7500,650.2000,750.8000,803.7500,813.1667,860.5000,835.0000,802.2000,613.0000,612.1667,519.6000,657.5000,689.0000,812.5000,795.2000,819.6000,992.4000,966.7500,995.3333,890.7500,752.6000,674.6667,777.8000,765.5000,742.2000,741.5000,801.4000,856.8000,873.6000,921.4000,964.4000,899.5000,766.0000,
51 - CARRICK,3032.4000,3260.5000,3190.4000,3278.5000,3666.8000,3694.0000,3762.6000,3893.7500,3767.1667,3571.5000,3193.6000,3171.5000,3108.2000,3148.0000,2576.6000,2016.0000,2778.5000,2597.5000,1992.4000,1942.4000,2022.6000,1777.2500,1662.6667,1404.0000,1501.3333,1569.5000,1797.7500,1956.0000,1970.5000,2171.5000,2147.4000,2128.6000,2296.6000,2105.0000,1814.4000,1973.0000,1783.0000,2077.5000,2250.2500,2176.7500,2367.8333,2711.2500,2631.3333,2578.5000,2548.8000,2378.4000,2181.0000,2096.0000,2170.4000,2473.2500,2435.2500,2538.0000,2730.6000,2916.0000,2809.5000,2770.0000,2822.6000,2910.6000,2520.8000,2339.3333,2091.0000,2515.7500,2288.0000,2805.7500,2831.2000,2931.2000,3032.2000,3002.5000,3200.3333,3108.2500,2672.0000,2425.6667,2462.6000,2646.7500,2714.2000,2760.5000,3045.8000,3150.8000,2921.0000,2905.0000,2844.0000,3013.5000,2518.3333,
51L - CARRICK LIMITED,,,,,,,,,,,,,,,,,,,,,,,,,,,,,,,,,,,,,,,,,,,,,,,,,,,,,,,,,,,,,,,,,,,,,,,,,,,,,,,,,,,,
52L - HOMEVILLE LIMITED,,,,,,,,,,,,,,,,,,,,,,,,,,,,,,,,,,,,,,,,,,,,,,,,,,,,,,,,,,,,,,,,,,,,,,,,,,,,,,,,,,,,
53 - HOMESTEAD PARK,,,,,,,,,,,,,,,27.6000,71.7500,131.0000,138.0000,101.8000,101.6000,93.0000,87.7500,86.1667,71.4000,91.3333,79.5000,93.2500,91.7500,99.8333,112.0000,111.8000,114.8000,104.0000,101.0000,87.4000,87.6000,86.0000,94.7500,98.5000,110.5000,120.6667,109.7500,119.3333,119.5000,110.6000,120.0000,99.6000,96.5000,97.8000,113.7500,92.7500,115.6000,133.4000,131.5000,121.5000,128.2500,117.2000,112.6000,75.6000,82.5000,83.4000,79.0000,86.0000,118.7500,114.4000,120.2000,114.4000,129.7500,124.8333,131.7500,104.6000,93.3333,86.2000,94.2500,108.8000,117.0000,128.2000,113.0000,130.8000,147.0000,127.2000,140.0000,118.1667,
53L - HOMESTEAD PARK LIMITED,,,,,,,,,,,,,,,,,,,,,,,,,,,,,,,,,,,,,,,,,,,,,,,,,,,,,,,,,,,,,,,,,,,,,,,,,,,,,,,,,,,,
54 - NORTH SIDE-OAKLAND-SOUTH SIDE,1122.0000,1331.0000,1092.8000,1223.0000,1056.4000,934.6000,1097.2000,1246.5000,1432.6667,1396.0000,1013.0000,1002.5000,1197.2000,1146.0000,686.6000,340.7500,482.5000,550.0000,476.8000,569.2000,635.4000,622.2500,464.0000,324.4000,372.6667,492.5000,633.2500,624.5000,612.8333,694.2500,600.6000,849.0000,1027.8000,942.0000,665.4000,606.6000,641.0000,892.5000,870.7500,873.0000,767.3333,790.0000,842.3333,962.2500,1112.0000,1047.8000,806.4000,807.2500,947.0000,1115.0000,936.7500,1031.2000,866.4000,851.7500,806.0000,968.5000,1110.6000,1221.2000,794.0000,616.5000,752.6000,912.0000,891.8000,1021.5000,772.2000,847.0000,913.2000,1011.0000,1160.3333,1147.7500,954.0000,742.5000,862.6000,1073.5000,950.8000,1081.7500,887.8000,952.8000,900.4000,1177.2000,1233.6000,1348.0000,1049.3333,
55 - GLASSPORT,506.8000,590.0000,544.6000,531.0000,629.6000,614.2000,652.0000,667.2500,687.5000,708.5000,591.6000,627.8333,586.2000,623.2500,533.8000,511.5000,680.8333,597.2500,466.0000,487.2000,430.6000,407.0000,381.3333,331.8000,356.0000,389.0000,407.7500,407.5000,422.0000,437.5000,421.8000,437.0000,464.4000,447.0000,401.8000,381.4000,381.1667,430.7500,401.5000,425.5000,468.3333,512.2500,496.5000,453.2500,440.4000,455.0000,407.2000,387.2500,390.0000,455.7500,435.5000,503.0000,516.4000,534.2500,529.6667,572.5000,502.2000,507.2000,476.0000,424.3333,401.6000,459.7500,406.6000,514.7500,542.2000,616.8000,585.0000,547.5000,582.0000,539.2500,497.2000,462.3333,431.2000,470.2500,435.6000,450.7500,526.4000,527.4000,563.4000,542.0000,554.0000,642.5000,544.5000,
56 - LINCOLN PLACE,557.4000,611.5000,610.2000,672.2500,756.4000,739.0000,745.6000,707.0000,717.5000,756.5000,508.2000,626.6667,583.6000,626.0000,439.6000,215.2500,281.0000,365.2500,281.6000,313.4000,315.0000,255.7500,268.3333,233.0000,223.1667,252.2500,261.2500,244.5000,265.1667,337.0000,351.2000,328.2000,351.4000,303.8000,279.2000,280.4000,261.8333,306.0000,319.2500,317.5000,357.5000,391.5000,407.6667,396.2500,437.0000,396.2000,342.4000,311.5000,358.2000,370.2500,381.0000,406.8000,490.4000,483.2500,492.3333,495.0000,502.8000,491.2000,441.2000,387.8333,336.8000,437.5000,383.4000,479.2500,450.6000,491.8000,470.0000,496.7500,516.3333,546.2500,453.0000,443.8333,407.2000,398.0000,455.0000,508.0000,467.2000,474.2000,472.6000,472.2000,542.4000,473.2500,447.3333,
57 - HAZELWOOD,565.4000,613.0000,569.8000,603.7500,669.4000,667.2000,682.4000,687.2500,699.5000,647.0000,796.4000,570.5000,526.4000,469.0000,589.6000,327.7500,463.1667,454.0000,353.6000,347.4000,343.0000,345.5000,287.0000,241.6000,263.5000,237.5000,257.5000,304.7500,344.1667,341.2500,363.4000,376.0000,415.0000,382.8000,323.6000,309.6000,280.6667,310.5000,359.7500,391.7500,418.8333,411.0000,544.3333,495.0000,471.4000,459.2000,416.4000,352.5000,413.6000,484.7500,449.5000,456.0000,552.0000,581.2500,559.8333,555.7500,572.8000,608.2000,497.2000,463.1667,420.6000,438.0000,469.8000,609.5000,560.6000,573.6000,575.8000,623.2500,643.5000,677.0000,549.2000,469.5000,471.6000,472.2500,544.2000,558.7500,613.0000,585.0000,616.6000,623.0000,634.0000,615.2500,479.3333,
58 - GREENFIELD,149.6000,174.2500,168.6000,172.2500,126.2000,157.6000,152.0000,175.0000,212.5000,196.2500,166.8000,142.6667,137.8000,203.7500,108.0000,37.5000,53.8333,62.5000,39.6000,68.0000,57.6000,50.7500,52.8333,24.8000,47.0000,50.0000,67.5000,61.7500,58.6667,85.2500,58.0000,82.4000,125.2000,101.6000,90.0000,74.0000,53.0000,84.2500,103.0000,87.5000,98.8333,62.0000,124.8333,133.2500,153.4000,129.2000,97.4000,132.5000,178.0000,110.7500,91.7500,106.4000,95.6000,107.5000,91.1667,127.2500,101.0000,114.4000,106.8000,75.8333,89.2000,84.7500,99.2000,94.0000,103.8000,83.0000,100.2000,116.7500,131.6667,148.5000,90.4000,100.1667,110.6000,132.7500,90.6000,88.5000,87.8000,117.8000,101.2000,130.6000,157.6000,157.2500,119.6667,
59 - MON VALLEY,1163.6000,1337.7500,1220.4000,1094.7500,1345.4000,1420.8000,1456.6000,1433.7500,1403.8333,1387.5000,1185.6000,1173.6667,1125.2000,1285.7500,1006.6000,841.2500,1154.1667,1109.5000,933.6000,889.4000,866.4000,765.0000,752.6667,642.8000,696.8333,761.0000,843.5000,810.5000,870.0000,981.2500,900.4000,888.8000,978.4000,879.6000,757.6000,777.8000,749.0000,864.5000,870.2500,964.7500,1052.0000,1111.0000,1094.8333,1055.0000,1119.0000,1101.0000,927.0000,777.2500,948.4000,1107.0000,1032.5000,1064.8000,1207.0000,1231.5000,1135.8333,1273.0000,1151.8000,1180.8000,986.4000,914.1667,828.4000,978.0000,907.0000,1014.2500,1093.0000,1081.8000,1131.2000,1094.2500,1103.3333,1163.5000,978.0000,848.6667,832.0000,907.2500,906.8000,909.2500,1118.4000,1077.8000,1103.2000,1032.0000,1169.0000,1253.2500,1037.3333,
6 - SPRING HILL,472.4000,489.7500,489.4000,454.7500,502.4000,486.4000,514.0000,495.5000,516.0000,508.2500,460.2000,436.6667,414.0000,462.5000,424.6000,404.5000,438.1667,422.2500,295.4000,258.6000,246.4000,247.7500,210.5000,190.2000,190.0000,208.7500,200.5000,223.5000,257.3333,260.2500,251.8000,241.2000,282.4000,268.4000,233.0000,263.8000,229.8333,268.2500,291.7500,278.0000,327.6667,316.2500,392.3333,393.7500,429.6000,379.8000,339.8000,351.0000,394.4000,423.5000,419.7500,389.8000,431.0000,450.2500,536.1667,539.5000,566.2000,505.8000,413.4000,412.5000,345.8000,480.0000,515.6000,579.5000,657.4000,609.8000,638.4000,548.5000,584.0000,588.2500,508.6000,494.0000,469.4000,469.5000,558.6000,573.2500,621.0000,589.6000,609.8000,590.4000,652.2000,697.0000,537.5000,
60 - MCKEESPORT - WALNUT,,,,,,,,,,,,,,,,,,,,,,,14.5000,37.8000,40.3333,47.2500,65.0000,52.7500,55.6667,70.5000,89.4000,98.0000,86.4000,81.8000,60.6000,71.6000,81.0000,95.7500,92.5000,106.0000,73.3333,74.2500,113.6667,117.2500,109.6000,118.0000,105.0000,102.7500,133.6000,122.2500,99.7500,133.2000,132.0000,139.2500,181.8333,181.5000,174.8000,159.8000,138.6000,135.8333,85.0000,171.5000,129.8000,132.7500,172.2000,148.8000,159.2000,164.7500,164.0000,146.5000,127.2000,129.6667,129.6000,135.5000,136.2000,117.5000,137.6000,146.6000,139.0000,125.4000,139.6000,177.2500,122.0000,
61A - NORTH BRADDOCK,2116.0000,2523.5000,2311.0000,2585.7500,2089.6000,2121.6000,2006.4000,2239.2500,2873.3333,2775.0000,2373.2000,1965.0000,2269.8000,2723.0000,1559.0000,802.5000,1035.3333,991.5000,799.2000,908.6000,1045.8000,1059.0000,817.8333,641.6000,703.6667,923.5000,981.7500,1062.7500,1006.8333,1061.2500,1071.0000,1339.4000,2004.8000,1707.6000,1408.8000,1207.0000,1044.0000,1535.2500,1546.0000,1674.5000,1345.5000,1406.0000,1205.8333,1462.7500,1768.6000,1566.6000,1385.4000,1250.2500,1163.0000,1565.2500,1583.2500,1687.0000,1499.4000,1472.0000,1416.6667,1651.0000,1756.8000,2507.8000,2163.8000,1689.0000,1623.2000,2154.0000,1969.8000,2367.2500,1823.6000,1701.2000,1827.0000,1856.0000,2418.6667,2188.2500,2128.8000,1609.6667,1653.0000,2228.0000,2165.4000,2429.2500,1733.0000,1757.2000,1898.8000,2326.8000,2835.2000,2517.7500,2140.6667,
61B - BRADDOCK-SWISSVALE,1710.4000,2013.7500,1801.0000,2071.5000,1761.6000,1592.4000,1644.8000,1814.0000,2308.8333,2382.7500,1953.8000,1463.0000,1754.2000,2226.0000,1219.4000,569.2500,706.8333,735.0000,616.6000,723.8000,797.2000,764.7500,634.8333,464.8000,513.3333,696.0000,791.0000,855.5000,803.8333,787.5000,821.8000,1091.6000,1734.2000,1493.4000,1096.8000,1025.6000,783.3333,1390.5000,1443.7500,1662.0000,1224.6667,1049.0000,835.5000,1082.5000,1399.6000,1210.2000,1164.4000,953.0000,952.6000,1164.2500,985.2500,1120.2000,894.8000,879.7500,961.6667,1111.7500,1510.8000,1776.2000,1634.2000,1245.6667,1183.4000,1846.0000,1474.0000,1852.0000,1152.2000,1290.4000,1484.2000,1573.5000,2209.6667,1910.7500,1781.2000,1314.0000,1371.0000,1690.5000,1652.6000,1781.5000,1320.0000,1270.6000,1510.0000,2039.0000,2435.0000,2057.0000,1950.0000,
61C - MCKEESPORT-HOMESTEAD,3151.2000,3513.5000,3127.8000,3598.0000,3366.2000,3084.6000,3359.2000,3561.7500,4283.8333,3785.5000,3253.4000,2846.6667,2906.2000,3379.5000,2162.8000,1055.0000,1392.6667,1468.2500,1198.8000,1339.6000,1403.6000,1287.2500,1150.0000,886.6000,925.0000,1282.2500,1303.7500,1513.0000,1568.8333,1594.2500,1608.4000,2065.0000,2565.2000,2483.4000,1813.0000,1632.0000,1445.5000,1945.5000,2016.5000,2257.7500,2231.3333,2349.5000,2213.5000,2543.2500,2973.4000,2742.8000,2287.2000,2042.0000,2230.4000,2599.7500,2375.2500,2779.4000,2371.0000,2301.2500,2333.0000,2651.7500,3315.0000,2921.6000,2418.2000,1879.0000,1760.2000,2472.0000,2139.0000,2446.5000,2097.2000,2112.0000,2444.2000,2447.5000,2698.6667,2611.2500,2033.2000,1640.3333,1905.4000,2170.5000,2261.6000,2488.2500,2219.6000,2201.0000,2581.2000,2957.4000,3181.4000,3024.2500,2740.8333,
61D - MURRAY,1934.8000,2474.2500,2220.6000,2457.5000,1971.2000,1840.4000,1812.8000,2297.7500,3067.0000,2748.7500,1956.0000,1716.0000,2094.2000,2433.7500,1133.2000,494.7500,629.5000,762.5000,575.0000,816.8000,924.4000,874.5000,714.8333,470.8000,499.6667,782.0000,898.0000,1020.5000,962.1667,972.0000,873.8000,1369.0000,2334.6000,2043.0000,1556.0000,1347.6000,1057.5000,1840.0000,1752.2500,1820.2500,1392.0000,1408.0000,1700.1667,2075.2500,2913.4000,2630.4000,2218.0000,1912.5000,1953.4000,2476.5000,2332.7500,2498.6000,1804.6000,1675.5000,1818.3333,2201.2500,3152.8000,1685.4000,1459.8000,970.0000,1011.0000,1366.5000,1339.4000,1483.7500,1042.0000,934.6000,984.6000,1367.5000,1806.8333,1520.2500,1392.0000,786.5000,1139.0000,1296.5000,1294.4000,1609.0000,1053.0000,964.0000,1026.0000,1477.4000,1805.4000,1446.2500,1225.3333,
64 - LAWRENCEVILLE - WATERFRONT,938.8000,1100.7500,989.0000,987.7500,1036.6000,938.2000,1017.8000,1349.2500,1337.3333,1150.0000,988.6000,945.6667,1050.6000,1075.7500,517.8000,261.0000,418.0000,519.7500,450.2000,557.6000,558.6000,517.2500,429.5000,338.8000,393.1667,516.7500,578.2500,536.5000,635.8333,687.7500,665.8000,923.2000,1032.4000,874.4000,747.0000,690.2000,571.6667,827.7500,924.7500,838.0000,936.0000,864.2500,931.0000,1181.2500,1265.8000,1146.2000,1071.4000,931.0000,1051.4000,1176.7500,1145.2500,1121.2000,1074.4000,1165.0000,1078.1667,1499.0000,1406.6000,1270.4000,1090.0000,860.1667,883.4000,1161.0000,992.6000,1076.0000,1034.8000,1070.2000,912.4000,1231.0000,1400.1667,1246.5000,1041.0000,846.0000,911.4000,972.0000,998.4000,1006.7500,1069.8000,1018.0000,1008.8000,1288.0000,1178.4000,1129.2500,901.1667,
65 - SQUIRREL HILL,,,,,,,,,,,,,,,,,,,,,,,,,,,,,,,,,,,,,,,,,,,,,,,,,,,,,,,,,,,,,,,,,,,,,,,,,,,,,,,,,,,,
67 - MONROEVILLE,473.8000,471.5000,507.6000,766.7500,462.8000,404.2000,498.0000,479.2500,613.0000,721.5000,421.0000,649.0000,352.4000,325.5000,325.8000,239.2500,233.6667,188.0000,238.4000,278.6000,275.0000,262.0000,228.3333,177.8000,189.5000,236.0000,255.2500,300.7500,288.1667,352.2500,350.6000,432.0000,457.8000,408.0000,378.0000,286.2000,300.6667,439.7500,415.5000,421.7500,402.5000,364.0000,432.1667,512.0000,568.4000,559.4000,515.0000,428.0000,443.6000,646.2500,494.2500,523.8000,468.4000,457.7500,490.6667,597.0000,724.0000,655.6000,578.8000,461.0000,418.4000,516.2500,445.2000,559.5000,462.0000,461.4000,481.8000,599.2500,744.0000,652.2500,598.0000,450.5000,506.2000,724.2500,586.6000,619.2500,499.8000,483.0000,527.2000,644.2000,815.6000,756.5000,546.5000,
69 - TRAFFORD,223.0000,254.5000,221.0000,259.7500,269.8000,349.4000,277.2000,280.0000,300.6667,279.2500,346.2000,233.5000,233.0000,195.2500,163.6000,140.0000,209.0000,145.2500,157.0000,154.6000,141.2000,129.0000,123.6667,86.4000,101.6667,101.7500,151.2500,113.5000,116.0000,120.2500,147.6000,144.2000,138.2000,166.2000,131.0000,127.8000,128.8333,123.5000,120.5000,143.5000,156.5000,174.5000,164.8333,130.7500,146.4000,145.6000,123.0000,95.7500,118.8000,153.7500,116.2500,154.6000,164.8000,189.0000,157.6667,159.5000,206.4000,163.4000,140.4000,150.6667,130.6000,130.5000,143.2000,147.5000,161.8000,167.8000,170.4000,179.5000,172.6667,204.7500,164.6000,152.5000,158.2000,160.2500,155.0000,161.5000,197.2000,203.8000,247.6000,249.8000,231.8000,195.5000,194.3333,
7 - SPRING GARDEN,,,,,,,,,,,,,,,,,,,,,,,,,,,,,,,,,,,,,,,,,,,,,,,,,,,,,,,,,,,,,,,,,,,,,,,,,,,,,,,,,,,,
71 - EDGEWOOD TOWN CENTER,,,,,,,,,,,,,-0.4000,,,,,,,,,,,,,,,,,,,,,,,,,,,,,,,,,,,,,,,,,,,,,,,,,,,,,,,,,,,,,,,,,,,,,,,
71A - NEGLEY,1737.0000,1957.5000,1887.0000,2016.5000,1634.6000,1741.4000,1761.8000,2110.0000,2383.1667,2313.2500,1754.6000,1612.5000,1769.2000,1746.0000,971.6000,536.7500,664.1667,764.0000,688.2000,765.6000,808.2000,843.2500,651.8333,496.0000,532.8333,821.2500,1032.2500,869.5000,817.3333,929.2500,944.0000,1197.6000,1474.8000,1488.8000,1098.4000,900.0000,1035.8333,1505.0000,1459.2500,1442.5000,1105.3333,1298.7500,1297.5000,1778.5000,2165.8000,2045.0000,1617.0000,1405.2500,1653.2000,1829.2500,1583.2500,1645.0000,1411.2000,1234.2500,1406.3333,1517.2500,2030.2000,1274.4000,1222.2000,831.0000,1118.8000,1287.0000,1131.4000,1199.0000,943.0000,855.4000,929.8000,1332.7500,1477.5000,1415.5000,1047.0000,738.6667,981.0000,1344.0000,1070.0000,1209.2500,868.4000,916.2000,861.8000,1291.4000,1398.0000,1441.7500,1051.8333,
71B - HIGHLAND PARK,1455.2000,1635.0000,1591.0000,1621.2500,1226.0000,1268.4000,1198.0000,1732.2500,2129.0000,2085.0000,1627.8000,1123.5000,1551.8000,1848.5000,645.8000,281.0000,373.1667,403.5000,279.0000,553.0000,651.4000,598.7500,408.1667,231.0000,348.6667,556.0000,562.0000,604.5000,577.3333,629.2500,616.0000,1136.6000,1613.4000,1380.4000,945.0000,761.0000,801.3333,1282.0000,1121.2500,1387.2500,961.0000,849.0000,1034.6667,1425.7500,1773.4000,1691.2000,1502.6000,928.0000,1490.0000,1590.5000,1358.5000,1454.6000,872.2000,995.0000,966.6667,1455.2500,1974.4000,2218.4000,1691.4000,1297.5000,1289.6000,1577.5000,1451.6000,1816.0000,992.0000,990.0000,1330.2000,1470.0000,2022.3333,1865.7500,1538.2000,1159.5000,1404.4000,1828.7500,1420.6000,1779.0000,1142.6000,1201.2000,1186.2000,1882.0000,2500.4000,2116.7500,1636.1667,
71C - POINT BREEZE,1905.6000,2460.2500,2288.6000,2326.7500,1960.2000,1723.0000,2010.2000,2547.5000,2899.8333,2595.0000,2201.8000,1705.1667,2130.6000,2274.5000,1153.0000,583.2500,729.6667,909.5000,710.0000,974.0000,988.2000,934.7500,762.1667,539.4000,665.5000,942.2500,934.2500,1018.5000,994.6667,1082.2500,1017.6000,1594.0000,2162.2000,1660.6000,1291.6000,1182.4000,1170.1667,1834.2500,1597.5000,1690.0000,1440.8333,1394.5000,1423.1667,1925.2500,2301.6000,2182.6000,1663.8000,1387.7500,1829.6000,2087.2500,1821.2500,1897.6000,1590.2000,1755.2500,1713.0000,2334.2500,2714.4000,2051.6000,1473.0000,1030.1667,1611.8000,1581.2500,1306.4000,1386.7500,1097.0000,1274.6000,1168.2000,1419.7500,2199.6667,1714.0000,1243.4000,941.0000,1360.0000,1630.7500,1567.8000,1679.2500,1247.6000,1326.0000,1268.0000,2071.6000,2496.6000,1748.2500,1575.1667,
71D - HAMILTON,1315.4000,1649.7500,1361.4000,1630.7500,1207.8000,1007.4000,1071.6000,1553.5000,1880.0000,1867.5000,1367.4000,1199.3333,1277.6000,1434.2500,820.2000,406.0000,486.0000,539.0000,427.6000,556.2000,595.2000,548.0000,418.1667,334.4000,349.8333,550.2500,908.7500,712.7500,583.1667,595.7500,578.6000,1023.8000,1375.6000,1195.0000,936.2000,728.8000,761.0000,1161.7500,1112.2500,1265.5000,875.1667,809.0000,823.3333,1048.7500,1363.2000,1216.4000,1096.4000,908.7500,949.0000,1277.5000,1166.0000,1293.2000,950.4000,848.7500,910.3333,1236.2500,1566.8000,1027.4000,828.8000,765.5000,688.8000,925.7500,835.4000,1100.0000,522.0000,460.4000,514.0000,849.2500,1128.3333,963.0000,909.0000,534.0000,644.6000,914.0000,800.4000,1067.2500,583.4000,587.0000,581.6000,929.6000,1170.6000,1080.7500,819.0000,
74 - HOMEWOOD-SQUIRREL HILL,,,,,,,,,,,,,,,,,,,,,,,16.8333,46.0000,51.3333,57.5000,59.2500,59.7500,81.1667,88.0000,97.8000,105.0000,120.0000,113.6000,110.6000,103.0000,81.8333,84.0000,109.5000,89.7500,138.3333,118.0000,100.3333,119.2500,107.0000,120.6000,107.4000,87.7500,105.2000,143.7500,88.7500,158.8000,148.4000,141.0000,164.3333,159.7500,181.0000,146.4000,128.6000,127.6667,133.8000,105.5000,97.2000,119.0000,134.8000,133.0000,150.8000,145.5000,150.0000,154.5000,143.0000,108.0000,141.6000,160.5000,161.4000,212.7500,170.4000,193.8000,167.0000,193.4000,170.4000,188.7500,158.8333,
75 - ELLSWORTH,1326.2000,1393.2500,1286.4000,1399.7500,1214.2000,1238.8000,1220.6000,1592.0000,1917.6667,1470.0000,1185.6000,758.3333,822.2000,1033.5000,737.8000,370.2500,530.1667,493.7500,532.2000,670.6000,681.8000,650.7500,507.1667,402.4000,482.1667,679.5000,645.2500,708.5000,698.5000,705.5000,675.4000,1103.4000,1446.8000,1117.4000,882.0000,740.8000,769.6667,1114.7500,1068.7500,1059.0000,946.1667,924.5000,883.6667,1188.5000,1415.4000,1440.8000,1043.0000,940.2500,1067.6000,1314.0000,1172.7500,1192.8000,863.6000,994.2500,945.0000,1275.2500,1621.8000,1480.6000,1056.2000,819.6667,887.4000,1067.2500,941.0000,1112.5000,933.2000,994.0000,870.6000,1154.5000,1552.8333,1430.7500,1079.2000,815.8333,1131.2000,1239.7500,1104.2000,1301.2500,994.0000,1047.2000,1086.0000,1660.6000,1895.6000,1611.0000,1071.8333,
77 - PENN HILLS,609.8000,666.5000,1044.4000,667.0000,732.2000,1026.2000,828.2000,821.2500,821.1667,749.0000,627.4000,683.8333,636.8000,569.2500,482.6000,335.5000,549.1667,470.7500,429.0000,448.0000,410.8000,371.2500,317.8333,271.6000,301.1667,312.2500,319.0000,381.0000,372.6667,409.5000,399.4000,469.0000,570.8000,445.2000,368.0000,382.2000,354.5000,433.7500,452.7500,442.5000,487.0000,487.0000,584.6667,587.2500,492.2000,559.4000,490.4000,396.0000,453.6000,534.0000,529.2500,538.8000,636.4000,586.0000,633.5000,676.0000,638.0000,576.0000,558.4000,432.1667,358.2000,409.7500,475.0000,538.0000,520.0000,564.6000,563.6000,516.2500,572.1667,555.5000,502.2000,439.6667,391.2000,456.5000,456.0000,557.0000,595.4000,567.0000,530.2000,604.2000,658.2000,633.0000,545.6667,
79 - EAST HILLS,435.0000,472.0000,459.2000,434.5000,500.6000,400.2000,416.8000,456.0000,456.3333,488.7500,407.2000,452.0000,413.0000,434.7500,607.4000,300.7500,439.6667,321.0000,360.4000,460.0000,554.4000,208.7500,292.6667,140.4000,155.1667,177.7500,640.7500,192.5000,213.1667,450.5000,229.0000,206.4000,213.8000,224.4000,199.6000,223.2000,172.3333,189.5000,257.7500,602.0000,265.8333,247.0000,249.6667,248.2500,248.2000,248.6000,248.6000,247.2500,247.6000,247.2500,247.7500,247.6000,247.2000,246.5000,247.6667,246.7500,246.4000,251.4000,251.2000,251.0000,251.2000,251.0000,251.2000,251.0000,251.6000,274.0000,279.4000,261.7500,294.3333,334.7500,274.8000,236.1667,220.0000,247.5000,252.8000,273.0000,322.6000,279.4000,328.4000,324.0000,330.4000,349.5000,298.0000,
8 - PERRYSVILLE,969.2000,995.5000,989.2000,931.5000,1052.4000,1084.4000,1126.0000,1112.0000,1131.3333,1106.0000,900.4000,930.5000,903.4000,964.5000,839.6000,634.7500,831.8333,734.7500,595.4000,533.8000,510.2000,510.5000,463.5000,388.6000,415.0000,461.2500,483.5000,518.2500,584.5000,568.7500,561.2000,521.6000,609.4000,571.6000,505.6000,453.2000,465.3333,539.2500,598.5000,512.0000,600.8333,732.2500,659.1667,617.2500,653.8000,605.2000,546.0000,470.2500,559.8000,659.7500,681.2500,653.4000,759.0000,785.7500,808.0000,823.5000,798.6000,755.2000,603.0000,519.5000,524.6000,598.5000,584.8000,690.7500,771.2000,737.8000,779.4000,700.7500,715.3333,694.7500,608.2000,540.1667,561.6000,599.2500,649.8000,685.2500,658.2000,691.4000,792.6000,774.6000,797.4000,741.5000,618.1667,
81 - OAK HILL,505.6000,615.2500,638.8000,557.7500,585.8000,695.6000,673.0000,664.0000,698.5000,687.5000,526.0000,412.3333,539.8000,529.0000,369.2000,295.7500,451.8333,415.7500,371.0000,354.6000,358.0000,338.0000,300.8333,197.8000,217.8333,271.0000,310.0000,318.7500,350.6667,384.0000,373.8000,383.8000,507.8000,431.4000,317.6000,355.4000,328.6667,443.2500,410.5000,445.0000,422.8333,506.7500,487.3333,510.7500,580.4000,571.4000,447.6000,364.2500,426.2000,597.5000,516.0000,540.8000,518.2000,553.5000,547.1667,627.0000,658.4000,556.6000,450.4000,405.3333,441.6000,687.0000,485.2000,660.7500,597.6000,600.2000,576.2000,598.7500,743.6667,631.0000,480.0000,426.1667,482.2000,518.0000,544.0000,561.2500,550.0000,558.4000,638.4000,644.0000,673.4000,647.5000,540.3333,
82 - LINCOLN,1743.4000,1898.2500,1884.4000,1975.7500,2057.6000,1695.8000,1866.2000,2291.0000,2146.6667,1983.5000,1741.6000,1778.1667,1831.6000,1777.0000,1327.6000,923.2500,1193.0000,1187.0000,1088.0000,1119.0000,1114.8000,995.7500,929.0000,741.2000,772.5000,922.0000,988.5000,1086.2500,1116.6667,1224.2500,1110.4000,1323.8000,1702.4000,1350.6000,1077.6000,1091.4000,1015.0000,1270.5000,1428.7500,1403.0000,1410.1667,1615.5000,1578.1667,1772.2500,1818.2000,1624.4000,1471.2000,1589.0000,1569.2000,1863.5000,1698.0000,1614.2000,1724.0000,1896.2500,1909.5000,2126.7500,2212.6000,2214.2000,1965.2000,1638.1667,1310.0000,1606.7500,1633.8000,1827.5000,1856.4000,1891.8000,1867.6000,2020.0000,2175.0000,2002.2500,1520.2000,1365.8333,1614.0000,1591.2500,1530.2000,1723.2500,1659.2000,1734.4000,1810.4000,1973.8000,2226.8000,2029.5000,1679.8333,
83 - BEDFORD HILL,815.8000,874.7500,661.0000,849.7500,897.8000,711.8000,1015.8000,1006.0000,960.6667,982.7500,670.0000,658.3333,799.4000,807.0000,560.8000,498.7500,647.3333,643.2500,583.4000,570.4000,546.4000,464.2500,435.3333,357.0000,357.3333,398.0000,561.5000,506.0000,499.5000,561.5000,553.0000,583.0000,648.2000,581.2000,484.4000,541.4000,446.0000,545.7500,602.5000,545.0000,557.5000,716.5000,659.6667,675.2500,763.8000,743.2000,577.6000,587.5000,654.6000,768.5000,728.7500,741.4000,734.8000,736.7500,754.0000,843.7500,931.8000,780.8000,649.2000,594.5000,573.2000,826.7500,672.6000,765.0000,676.2000,797.4000,768.0000,739.7500,881.5000,862.0000,715.8000,632.6667,629.2000,753.0000,683.6000,793.2500,780.2000,795.2000,853.2000,839.8000,847.8000,856.7500,679.3333,
86 - LIBERTY,1335.4000,1611.7500,1497.8000,1555.0000,1675.8000,1606.2000,1765.0000,1777.7500,1839.3333,1728.7500,1354.4000,1445.3333,1382.8000,1487.2500,1100.4000,666.2500,964.5000,1003.7500,850.6000,911.6000,758.0000,722.2500,592.5000,632.0000,555.5000,705.2500,979.0000,723.0000,858.3333,1025.5000,1018.4000,1127.4000,1231.6000,1082.8000,873.8000,866.8000,841.3333,946.0000,1120.0000,1052.7500,1190.6667,1198.2500,1007.8333,1071.5000,1037.2000,969.6000,882.6000,738.2500,891.8000,986.2500,932.2500,938.4000,1075.6000,1189.2500,1224.5000,1331.5000,1294.6000,1201.6000,1008.4000,943.1667,741.2000,918.2500,879.6000,1070.2500,1069.4000,1095.6000,1239.4000,1309.0000,1201.8333,1172.5000,983.4000,918.8333,862.0000,887.7500,920.4000,1005.2500,1113.4000,1112.4000,1175.2000,1242.8000,1246.6000,1292.0000,1059.6667,
87 - FRIENDSHIP,269.8000,251.7500,286.2000,283.5000,262.2000,183.4000,183.6000,304.2500,289.3333,295.7500,271.6000,268.3333,233.8000,266.0000,214.6000,93.7500,94.8333,142.0000,125.4000,125.4000,143.2000,137.7500,98.1667,71.2000,74.1667,89.7500,100.7500,105.7500,175.8333,174.5000,151.4000,166.6000,162.2000,155.2000,138.4000,179.6000,135.8333,171.7500,198.5000,186.2500,202.0000,204.5000,211.8333,213.7500,208.6000,222.6000,228.8000,252.2500,213.2000,233.2500,190.2500,232.4000,220.2000,271.5000,267.1667,270.5000,258.6000,285.8000,194.6000,169.8333,186.8000,97.5000,156.2000,221.2500,194.2000,195.8000,211.8000,196.2500,229.0000,229.7500,190.2000,191.0000,187.6000,215.0000,194.6000,233.5000,243.0000,256.6000,237.2000,245.0000,290.2000,276.7500,206.5000,
88 - PENN,1014.6000,1127.5000,1112.0000,1072.5000,1187.8000,1184.8000,1285.4000,1239.0000,1277.5000,1296.0000,1218.8000,1157.6667,1032.4000,1109.0000,1024.0000,504.5000,584.0000,592.0000,654.0000,900.8000,833.0000,417.5000,732.5000,244.2000,306.6667,690.5000,765.0000,447.0000,511.3333,610.0000,577.4000,649.4000,658.2000,663.6000,534.6000,507.6000,493.3333,595.2500,651.5000,652.7500,715.1667,747.0000,646.8333,688.0000,917.2000,672.4000,600.0000,491.5000,549.0000,697.7500,648.7500,631.0000,738.0000,856.5000,732.8333,823.5000,761.0000,717.6000,605.8000,507.6667,479.8000,474.5000,441.6000,521.5000,565.4000,617.4000,541.2000,623.7500,602.5000,595.7500,537.6000,456.8333,483.0000,500.5000,550.0000,559.0000,601.8000,648.8000,689.4000,641.6000,698.2000,651.0000,530.8333,
89 - GARFIELD COMMONS,119.0000,132.7500,134.2000,161.2500,148.0000,294.0000,168.6000,158.2500,152.0000,155.2500,163.0000,153.1667,128.8000,154.7500,93.6000,139.0000,88.1667,119.0000,87.6000,79.8000,84.4000,84.2500,166.0000,51.0000,51.1667,71.5000,45.7500,61.0000,62.0000,66.7500,77.8000,,75.4000,67.8000,75.0000,67.2000,52.3333,73.0000,88.0000,76.5000,82.6667,77.7500,76.6667,83.2500,93.2000,98.2000,73.0000,71.0000,63.6000,86.2500,92.5000,72.6000,92.6000,104.2500,98.1667,94.0000,83.2000,83.2000,98.0000,114.3333,63.0000,81.2500,68.6000,68.7500,90.0000,77.2000,86.6000,99.0000,89.6667,89.2500,74.0000,68.5000,75.2000,77.0000,84.0000,89.0000,132.2000,106.2000,97.8000,116.2000,124.0000,89.5000,78.0000,
91 - BUTLER STREET,1020.2000,1091.7500,873.2000,1099.0000,1171.0000,1064.0000,1271.2000,1175.0000,1284.5000,1138.2500,1079.0000,1108.0000,1027.6000,1160.2500,870.6000,553.0000,740.6667,891.5000,586.8000,597.2000,588.0000,511.7500,496.8333,385.0000,388.0000,440.2500,575.2500,532.5000,626.0000,717.7500,696.8000,686.8000,711.0000,696.6000,518.2000,626.8000,524.8333,659.0000,526.5000,606.7500,628.6667,719.0000,784.3333,830.2500,828.4000,763.6000,623.0000,560.0000,606.4000,718.5000,746.0000,747.0000,798.8000,812.0000,761.1667,856.0000,768.8000,747.8000,545.8000,611.0000,489.8000,626.2500,588.8000,725.7500,736.0000,796.2000,820.2000,839.5000,816.8333,837.7500,763.8000,657.6667,687.0000,730.5000,708.2000,810.7500,846.8000,837.8000,860.0000,979.8000,992.4000,948.7500,748.6667,
93 - LAWRENCEVILLE - HAZELWOOD,,,,,,,,,,,,,,,,,,,,,,,48.3333,88.0000,112.6667,146.0000,158.5000,201.0000,177.5000,190.2500,187.6000,264.8000,362.2000,298.2000,220.4000,219.0000,240.6667,351.0000,322.5000,326.5000,280.1667,263.7500,260.8333,313.7500,364.4000,384.0000,282.8000,253.5000,357.8000,366.2500,318.5000,344.2000,272.6000,305.7500,241.3333,301.5000,371.4000,355.8000,290.2000,261.1667,259.4000,341.2500,280.8000,305.2500,269.0000,272.2000,253.4000,287.7500,355.3333,386.5000,308.4000,236.0000,281.2000,330.0000,340.0000,331.0000,297.6000,305.0000,286.6000,390.4000,407.0000,425.0000,390.0000,
BLUE - SouthHills Village via Overbrook,610.6000,615.7500,622.0000,892.0000,1070.6000,1180.8000,2272.6000,1068.0000,1493.1667,1281.5000,1568.6000,1436.8333,736.6000,559.5000,442.0000,98.0000,164.3333,206.0000,167.8000,254.4000,303.6000,435.5000,248.0000,145.2000,166.1667,181.5000,312.7500,361.0000,496.8333,595.2500,736.4000,645.2000,1392.4000,1312.2000,692.6000,1144.0000,234.3333,249.5000,271.7500,314.2500,476.8333,312.7500,658.1667,897.5000,1160.4000,1298.8000,3055.2000,859.0000,713.8000,223.0000,345.7500,528.4000,717.2000,910.0000,932.0000,930.5000,1163.0000,1483.8000,777.0000,1089.0000,294.6000,312.5000,299.2000,657.0000,734.2000,1490.2000,2886.4000,2969.0000,1139.3333,1543.0000,795.4000,1292.1667,265.0000,224.7500,566.0000,655.2500,835.0000,770.2000,976.4000,772.0000,716.6000,1600.2500,1437.6667,
DUQUESNE INCLINE,,,,,,,,,,,,,,,,,,,,,,,,,,,,,,,,,,,,,,,,,,,,,,,,,,,,,,,,,,,,,,,,,,,,,,,,,,,,,,,,,,,,
G2 - WEST BUSWAY,630.0000,721.2500,559.6000,742.2500,804.0000,872.8000,748.6000,877.5000,873.6667,794.5000,675.0000,574.3333,675.6000,570.7500,536.8000,388.5000,523.3333,542.5000,386.4000,429.0000,404.6000,387.0000,347.3333,278.2000,280.8333,296.5000,353.0000,414.0000,405.6667,466.2500,451.2000,488.8000,554.2000,470.6000,410.0000,421.8000,323.3333,442.5000,440.5000,428.0000,510.1667,596.5000,552.0000,593.0000,600.6000,576.4000,478.0000,427.0000,445.4000,500.7500,477.2500,489.4000,606.4000,652.7500,590.1667,592.5000,604.4000,630.6000,445.6000,405.1667,328.0000,415.7500,455.2000,526.2500,514.0000,538.0000,542.2000,526.2500,547.8333,555.5000,467.2000,375.0000,379.8000,388.7500,451.0000,536.7500,525.0000,546.4000,537.2000,589.0000,600.0000,519.5000,472.0000,
G3 - MOON FLYER,,,,,,,,,,,,,0.0000,,,,,,,,,,,,,,,,,,,,,,,,,,,,,,,,,,,,,,,,,,,,,,,,,,,,,,,,,,,,,,,,,,,,,,,
G31 - BRIDGEVILLE FLYER,,,,,,,,,,,,,,,,,,,,,,,,,,,,,,,,,,,,,,,,,,,,,,,,,,,,,,,,,,,,,,,,,,,,,,,,,,,,,,,,,,,,
MONONGAHELA INCLINE,578.8000,203.5000,61.4000,139.0000,1072.6000,1452.4000,1891.6000,1694.2500,1611.0000,1196.0000,974.0000,786.5000,540.6000,723.0000,591.8000,73.2500,154.8333,599.2500,334.4000,699.8000,652.4000,628.7500,359.6667,294.0000,262.1667,379.7500,871.5000,766.5000,1020.5000,1141.0000,1531.4000,1321.2000,1316.2000,1122.6000,1040.8000,1021.6000,332.5000,791.7500,578.2500,1034.0000,1174.6667,1474.5000,1561.1667,,,,,,,,718.0000,985.8000,1534.2000,1744.7500,1652.3333,368.0000,1210.4000,608.0000,780.2000,736.5000,79.6000,422.7500,220.4000,256.0000,1381.4000,1140.4000,959.2000,1375.0000,1160.1667,1508.5000,565.4000,516.0000,371.8000,321.0000,454.2000,859.7500,1224.8000,920.4000,978.4000,1077.0000,649.2000,700.2500,121.1667,
O1 - ROSS FLYER,,,,,,,,,,,,,,,,,,,,,,,,,,,,,,,,,,,,,,,,,,,,,,,,,,,,,,,,,,,,,,,,,,,,,,,,,,,,,,,,,,,,
O12 - MCKNIGHT FLYER,,,,,,,,,,,,,,,,,,,,,,,,,,,,,,,,,,,,,,,,,,,,,,,,,,,,,,,,,,,,,,,,,,,,,,,,,,,,,,,,,,,,
O5 - THOMPSON RUN FLYER VIA 279,,,,,,,,,,,,,,,,,,,,,,,,,,,,,,,,,,,,,,,,,,,,,,,,,,,,,,,,,,,,,,,,,,,,,,,,,,,,,,,,,,,,
P1 - EAST BUSWAY-ALL STOPS,3026.6000,3219.7500,2598.6000,3174.7500,3797.2000,3439.0000,3618.8000,3530.2500,3917.5000,3690.7500,3227.6000,3211.5000,2948.4000,3252.0000,1934.0000,845.7500,2067.6667,1954.2500,1412.8000,1472.6000,1430.6000,1444.5000,1236.8333,1048.2000,1090.8333,1158.7500,1590.0000,1342.7500,1405.8333,1546.7500,1534.0000,1525.8000,1752.4000,1673.0000,1450.0000,1405.8000,1211.0000,1335.5000,1570.5000,1658.7500,2237.0000,2381.5000,2996.1667,3001.5000,2385.2000,2702.6000,2500.2000,1859.5000,2034.8000,2309.7500,2242.5000,2189.2000,2373.2000,2402.5000,2527.0000,2253.7500,2978.6000,2298.8000,2154.8000,1765.5000,1592.4000,1617.7500,1606.2000,2168.5000,2407.0000,2344.2000,2232.2000,2250.2500,2464.3333,2340.5000,2027.0000,1788.5000,1629.4000,1731.5000,1904.2000,2165.7500,2564.6000,2350.8000,2399.4000,2467.0000,2645.8000,2772.5000,1975.6667,
P10 - ALLEGHENY VALLEY FLYER,,,,,,,,,,,,,,,,,,,,,,,,,,,,,,,,,,,,,,,,,,,,,,,,,,,,,,,,,,,,,,,,,,,,,,,,,,,,,,,,,,,,
P12 - HOLIDAY PARK FLYER,,,,,,,,,,,,,,,,,,,,,,,,,,,,,,,,,,,,,,,,,,,,,,,,,,,,,,,,,,,,,,,,,,,,,,,,,,,,,,,,,,,,
P13 - MOUNT ROYAL FLYER,,,,,,,,,,,,,,,,,,,,,,,,,,,,,,,,,,,,,,,,,,,,,,,,,,,,,,,,,,,,,,,,,,,,,,,,,,,,,,,,,,,,
P16 - PENN HILLS FLYER,,,,,,,,,,,,,,,,,,,,,,,,,,,,,,,,,,,,,,,,,,,,,,,,,,,,,,,,,,,,,,,,,,,,,,,,,,,,,,,,,,,,
P17 - LINCOLN PARK FLYER,,,,,,,,,,,,,,,,,,,,,,,,,,,,,,,,,,,,,,,,,,,,,,,,,,,,,,,,,,,,,,,,,,,,,,,,,,,,,,,,,,,,
P2 - EAST BUSWAY SHORT,,,,,,,,,,,,,,,,,,,,,,,,,,,,,,,,,,,,,,,,,,,,,,,,,,,,,,,,,,,,,,,,,,,,,,,,,,,,,,,,,,,,
P3 - EAST BUSWAY-OAKLAND,,,,,,,,,,,,,,,,,,,,,,,,,,,,,,,,,,,,,,,,,,,,,,,,,,,,,,,,,,,,,,,,,,,,,,,,,,,,,,,,,,,,
P67 - MONROEVILLE FLYER,,,,,,,,,,,,,,,,,,,,,,,,,,,,,,,,,,,,,,,,,,,,,,,,,,,,,,,,,,,,,,,,,,,,,,,,,,,,,,,,,,,,
P68 - BRADDOCK HILLS FLYER,,,,,,,,,,,,,,,58.2000,290.0000,330.0000,290.0000,274.2000,317.2000,308.2000,289.2500,234.6667,241.4000,209.0000,289.2500,493.5000,345.5000,378.1667,427.2500,368.0000,455.4000,443.2000,457.8000,401.6000,380.8000,351.6667,404.7500,429.7500,424.2500,713.8333,809.5000,703.1667,612.5000,524.4000,709.2000,628.2000,613.0000,524.4000,621.7500,645.7500,636.4000,606.8000,662.7500,681.8333,639.7500,751.2000,774.8000,718.4000,615.3333,478.2000,538.5000,500.2000,605.2500,626.0000,602.8000,661.0000,653.0000,745.8333,669.5000,578.8000,533.8333,519.2000,585.0000,627.6000,698.2500,779.6000,729.4000,759.6000,690.6000,738.8000,739.7500,705.1667,
P69 - TRAFFORD FLYER,,,,,,,,,,,,,-0.4000,,,,,,,,,,,,,,,,,,,,,,,,,,,,,,,,,,,,,,,,,,,,,,,,,,,,,,,,,,,,,,,,,,,,,,,
P7 - MCKEESPORT FLYER,,,,,,,,,,,,,,,,,,,,,,,,,,,,,,,,,,,,,,,,,,,,,,,,,,,,,,,,,,,,,,,,,,,,,,,,,,,,,,,,,,,,
P71 - SWISSVALE FLYER,,,,,,,,,,,,,,,,,,,,,,,,,,,,,,,,,,,,,,,,,,,,,,,,,,,,,,,,,,,,,,,,,,,,,,,,,,,,,,,,,,,,
P76 - LINCOLN HIGHWAY FLYER,,,,,,,,,,,,,,,,,,,,,,,,,,,,,,,,,,,,,,,,,,,,,,,,,,,,,,,,,,,,,,,,,,,,,,,,,,,,,,,,,,,,
P78 - OAKMONT FLYER,,,,,,,,,,,,,,,,,,,,,,,,,,,,,,,,,,,,,,,,,,,,,,,,,,,,,,,,,,,,,,,,,,,,,,,,,,,,,,,,,,,,
RED - Castle Shannon via Beechview,2448.0000,2792.0000,2985.0000,3447.7500,4196.0000,4887.8000,4727.4000,4043.7500,5063.1667,4734.0000,5119.8000,4925.6667,2829.4000,3132.0000,2236.8000,587.0000,668.8333,1352.7500,1168.6000,1441.4000,1382.0000,1764.0000,1283.3333,974.8000,1020.1667,1195.7500,1443.5000,1609.2500,1725.8333,2266.0000,2400.2000,2362.6000,4261.6000,3816.4000,2493.8000,3663.4000,1524.3333,966.5000,1087.2500,1144.7500,2001.0000,3005.5000,2961.0000,3380.5000,3629.2000,3994.6000,5520.8000,3043.5000,2594.2000,2092.7500,2436.0000,2691.0000,3500.6000,3871.0000,3532.6667,3371.2500,4039.4000,4696.8000,3276.2000,3197.0000,1914.2000,2418.5000,2390.4000,3059.0000,2877.6000,1472.8000,15.0000,,3640.1667,4184.5000,3422.2000,3701.0000,1664.2000,1010.0000,2034.6000,2385.2500,3475.0000,3201.0000,2459.8000,2784.0000,3261.8000,5870.0000,3527.0000,
RLSH - Red Line Shuttle,,,,,,,,,,,,,,,,,,,,,,,,,,,,,,,,,,,,,,,,,,,,,,,,,,,,,,,,,,,,,,,,,,,,,,,,,,,,,,,,,,,,
SLVR - Libary via Overbrook,723.0000,938.5000,902.6000,1117.0000,1363.6000,1616.4000,2269.0000,1407.0000,1929.0000,1725.5000,2085.0000,1816.1667,775.0000,925.5000,672.2000,157.5000,272.1667,422.7500,360.0000,389.0000,371.0000,546.7500,367.5000,272.0000,267.8333,307.7500,421.2500,421.7500,453.6667,665.0000,903.2000,730.0000,1878.4000,1526.6000,924.6000,1489.8000,344.8333,449.0000,516.5000,520.5000,739.0000,988.0000,1099.3333,1395.7500,1382.0000,1680.6000,3290.4000,1119.0000,902.8000,430.7500,479.7500,602.4000,993.2000,1238.0000,1293.0000,1238.0000,1439.2000,1803.6000,1060.2000,1276.0000,410.0000,481.0000,445.0000,841.0000,994.6000,1085.0000,1589.6000,1486.2500,1404.0000,1835.2500,1150.0000,1559.5000,366.0000,269.5000,539.4000,807.5000,1135.4000,798.8000,1100.0000,1015.2000,1260.2000,1526.0000,1690.1667,
SWL - Outbound to SHJ,,,,,,,,,,,,,,,,,,,,,,,,,,,,,,,,,,,,,,,,,,,,,,,,,,,,,,,,,,,,,,,,,,,,,,,8.4000,60.8333,338.0000,415.0000,316.0000,329.0000,691.0000,619.0000,673.0000,592.0000,682.0000,330.0000,,
Y1 - LARGE FLYER,,,,,,,,,,,,,,,,,,,,,,,,,,,,,,,,,,,,,,,,,,,,,,,,,,,,,,,,,,,,,,,,,,,,,,,,,,,,,,,,,,,,
Y45 - BALDWIN MANOR FLYER,,,,,,,,,,,,,,,,,,,,,,,,,,,,,,,,,,,,,,,,,,,,,,,,,,,,,,,,,,,,,,,,,,,,,,,,,,,,,,,,,,,,
Y46 - ELIZABETH FLYER,552.6000,626.7500,542.0000,642.0000,670.4000,575.8000,709.0000,668.2500,683.8333,647.0000,510.6000,592.5000,540.4000,633.0000,435.0000,345.5000,382.6667,494.2500,320.2000,332.0000,318.0000,324.7500,253.5000,196.6000,222.8333,225.0000,257.2500,315.2500,299.8333,298.2500,323.8000,323.8000,370.6000,377.0000,326.0000,351.6000,328.3333,351.5000,321.5000,318.2500,370.6667,364.5000,375.8333,348.0000,360.2000,358.0000,335.8000,284.7500,334.2000,400.5000,338.7500,386.6000,383.2000,410.5000,441.0000,445.0000,441.8000,420.4000,395.8000,340.8333,317.6000,342.5000,331.8000,391.2500,423.2000,431.4000,473.8000,482.0000,468.8333,506.0000,424.2000,397.6667,384.8000,437.2500,378.4000,369.0000,442.8000,415.6000,429.0000,394.2000,405.6000,419.7500,349.0000,
Y47 - CURRY FLYER,,,,,,,,,,,,,,,,,,,,,,,,,,,,,,,,,,,,,,,,,,,,,,,,,,,,,,,,,,,,,,,,,,,,,,,,,,,,,,,,,,,,
Y49 - PROSPECT FLYER,346.2000,360.7500,300.2000,379.5000,424.6000,365.2000,426.8000,411.0000,431.5000,454.5000,329.2000,382.1667,382.6000,486.5000,326.8000,196.0000,328.8333,297.2500,299.8000,262.8000,277.8000,259.5000,221.5000,184.8000,206.1667,233.7500,229.0000,239.2500,252.0000,286.2500,278.2000,273.8000,284.4000,269.0000,231.0000,236.6000,228.1667,255.0000,252.7500,249.7500,277.1667,297.2500,302.0000,300.2500,320.2000,300.2000,287.8000,240.7500,286.6000,334.0000,323.5000,341.0000,399.4000,414.5000,388.6667,417.0000,394.0000,425.8000,344.2000,342.8333,308.2000,454.5000,341.6000,411.7500,458.2000,420.8000,488.8000,448.5000,501.6667,468.7500,390.2000,363.8333,348.0000,384.7500,374.6000,402.5000,445.0000,437.0000,416.2000,397.4000,382.6000,412.7500,332.5000,
